Image,Titel,Keywords,Collection
44-1.jpg,,"Rückstauverschlüsse, Kessel",Kessel
44-2.jpg,,"Rückstauverschlüsse, Kessel",Kessel
44-3.jpg,,"Rückstauverschlüsse, Kessel",Kessel
44-4-2.jpg,,"Rückstauverschlüsse, Kessel",Kessel
44-5.jpg,,"Rückstauverschlüsse, Kessel",Kessel
44-6-2.jpg,,"Rückstauverschlüsse, Kessel",Kessel
45-1.jpg,,"Rückstauverschlüsse, Kessel",Kessel
45-2.jpg,,"Rückstauverschlüsse, Kessel",Kessel
45-3.jpg,,"Rückstauverschlüsse, Kessel",Kessel
45-4.jpg,,"Rückstauverschlüsse, Kessel",Kessel
45-5.jpg,,"Rückstauverschlüsse, Kessel",Kessel
46-1.jpg,,"Rückstauverschlüsse, Kessel",Kessel
46-2.jpg,,"Rückstauverschlüsse, Kessel",Kessel
46-3.jpg,,"Rückstauverschlüsse, Kessel",Kessel
47-1.jpg,,"Rückstauverschlüsse, Kessel",Kessel
47-10.jpg,,"Rückstauverschlüsse, Kessel",Kessel
47-11.jpg,,"Rückstauverschlüsse, Kessel",Kessel
47-12.jpg,,"Rückstauverschlüsse, Kessel",Kessel
47-13.jpg,,"Rückstauverschlüsse, Kessel",Kessel
47-2.jpg,,"Rückstauverschlüsse, Kessel",Kessel
47-3.jpg,,"Rückstauverschlüsse, Kessel",Kessel
47-4.jpg,,"Rückstauverschlüsse, Kessel",Kessel
47-5-2.jpg,,"Rückstauverschlüsse, Kessel",Kessel
47-6.jpg,,"Rückstauverschlüsse, Kessel",Kessel
47-7.jpg,,"Rückstauverschlüsse, Kessel",Kessel
47-8.jpg,,"Rückstauverschlüsse, Kessel",Kessel
47-9.jpg,,"Rückstauverschlüsse, Kessel",Kessel
48-1.jpg,,"Rückstauverschlüsse, Kessel",Kessel
48-2.jpg,,"Rückstauverschlüsse, Kessel",Kessel
48-3.jpg,,"Rückstauverschlüsse, Kessel",Kessel
